id,tag_name
1,満腹感
2,甘い
3,サクサク
4,のどごし
5,トッピング
6,しょっぱい
7,噛みごたえ
8,パリパリ
9,ふわふわ
10,もちもち
11,ひんやり
12,フルーティー
13,シュワシュワ
14,失敗しない
15,秋
16,ほくほく
17,アツアツ
18,食物繊維
19,甘ずっぱい
20,ビタミン
21,病み上がり
22,あっさり
23,スパイシー
24,メキシカン
25,簡単
26,ほろ苦
27,親子クッキング
28,クリスマス
29,クリーミー
30,アレルギー対策
31,炊飯器レシピ
32,デザート
33,中華
34,香ばしい
35,甘辛
36,まろやか
37,食欲増進
38,アジアン
39,具だくさん
40,イタリアン
41,DHA
42,プチ贅沢
43,節約
44,包丁いらず
45,カルシウム
46,和風
47,弁当
48,カリカリ
49,作り置き
50,時短
51,郷土料理
52,おもてなし
53,濃厚
54,野菜嫌い克服
55,春
56,ジューシー
57,たんぱく質
58,じっくり
59,ニコニコ
60,食べ物
61,ワクワク
62,乗り物
63,冒険
64,笑い
65,相撲
66,怖い
67,おばけ
68,夏
69,落語
70,冬
71,知的興味
72,生き物
73,悲しい
74,優しい
75,友達
76,躍動感
77,犬
78,ユーモア
79,シュール
80,リラックス
81,猫
82,ハートフル
83,感動
84,うさぎ
85,コミカル
86,リズミカル
87,好奇心
88,記憶力
89,観察力
90,瞬発力
91,分かりやすい
92,計画性
93,交渉力
94,運要素
95,器用さ
96,空間認識力
97,創造性
98,協力
99,家にある材料
100,リサイクル
101,的当て力
102,体力
103,脚力
104,投球力
105,キャッチ力
106,敏捷性
107,走る
108,リスク
109,避ける
110,狙う
111,キャッチ
